{"cameraMode":{"drawMode":0,"name":"Shaded","section":"Shading Mode"},"sceneLighting":true,"audioPlay":false,"sceneViewState":{"m_AlwaysRefresh":false,"showFog":true,"showSkybox":true,"showFlares":true,"showImageEffects":true,"showParticleSystems":true,"showVisualEffectGraphs":true,"m_FxEnabled":true},"in2DMode":false,"pivot":{"x":37.60390090942383,"y":42.25102996826172,"z":119.28179168701172},"rotation":{"x":-0.0009316610521636903,"y":0.7684344053268433,"z":0.0011774188606068493,"w":0.6400498151779175},"size":6.079143524169922,"orthographic":false}